country,child_mort,exports,health,imports,income,inflation,life_expec,total_fer,gdpp,acesso_agua_pct,acesso_esgoto_pct,acesso_energia_pct,alfabetizacao_pct,internet_pct,medicos_por_1000,extrema_pobreza_pct,cesta_basica_salario_pct
Afghanistan,90.2,10.0,7.58,44.9,1610,9.44,56.2,5.82,553,53.3,26.1,29.0,52.6,,0.48,57.6,123.0
Albania,16.6,28.0,6.55,48.6,9930,4.49,76.3,1.65,4090,81.2,64.6,68.1,79.4,50.5,2.4,32.8,65.4
Algeria,27.3,38.4,4.17,31.4,12900,16.1,76.5,2.89,4460,74.5,57.7,71.3,83.8,38.1,2.0,31.9,78.7
Angola,119.0,62.3,2.85,42.9,5900,22.4,60.1,6.16,3530,48.4,16.9,99999.0,59.4,6.9,0.26,68.0,124.2
Antigua and Barbuda,10.3,45.5,6.03,58.9,19100,1.44,76.8,2.13,12200,83.8,76.7,85.0,86.3,65.1,2.61,21.2,49.9
Argentina,14.5,18.9,8.1,16.0,18700,20.9,75.8,45.0,10300,78.6,66.4,82.3,82.1,53.2,2.5,18.7,48.1
Armenia,18.1,20.8,4.4,45.3,6700,7.77,73.3,1.69,3220,77.9,60.1,70.2,74.2,39.6,2.35,26.2,63.9
Australia,4.8,19.8,8.73,20.9,41400,1.16,82.0,1.93,51900,100.0,87.8,98.5,95.5,83.5,4.37,5.1,34.3
Austria,4.3,51.3,11.0,47.8,43200,0.873,80.5,1.44,46900,94.2,86.8,100.0,96.5,91.3,4.24,4.0,12.1
Azerbaijan,39.2,54.3,5.88,20.7,16000,13.8,69.1,1.92,5840,71.6,61.5,63.2,77.4,36.1,1.62,32.5,77.2
Bahamas,13.8,35.0,7.89,43.7,22900,-0.393,73.8,1.86,28000,90.9,77.6,83.1,90.2,70.4,3.43,11.9,44.6
Bahrain,8.6,69.5,4.97,50.9,41100,7.44,76.0,2.16,20700,91.4,83.5,81.6,87.6,74.4,3.91,4.4,38.4
Bangladesh,49.4,16.0,3.52,21.8,99999,7.14,70.4,2.33,758,70.2,47.6,57.9,73.5,33.7,1.93,37.0,84.4
Barbados,14.2,39.5,7.97,48.7,15300,0.321,76.7,1.78,16000,83.0,74.1,88.2,88.6,64.5,3.32,7.0,48.3
Belarus,5.5,51.4,5.61,64.5,16200,15.1,70.4,1.49,6030,80.7,63.7,77.6,88.1,54.8,2.51,25.0,63.1
Belgium,4.5,76.4,10.7,74.7,41100,1.88,80.0,1.86,44400,97.1,92.8,89.4,100.0,80.4,4.3,3.2,29.4
Belize,18.8,58.2,5.2,57.5,7880,1.14,71.4,2.71,4340,67.8,51.8,59.3,76.4,35.9,1.89,30.6,70.1
Benin,111.0,23.8,4.1,37.2,1820,0.885,61.8,5.36,758,53.8,25.1,35.4,57.7,6.2,0.3,55.3,119.4
Bhutan,42.7,42.5,5.2,70.7,6420,5.99,72.1,2.38,2180,64.0,50.9,61.6,75.2,39.1,1.69,36.6,79.8
Bolivia,46.6,41.2,4.84,34.3,5410,8.78,71.6,3.2,1980,63.3,51.6,55.1,70.5,28.9,99999.0,33.8,88.9
Bosnia and Herzegovina,6.9,29.7,11.1,51.3,9720,1.4,76.8,1.31,4610,77.4,76.4,80.3,84.4,58.5,3.22,11.4,54.8
Botswana,52.5,43.6,8.3,51.3,13300,8.92,57.1,2.88,6350,63.6,41.4,51.5,68.8,21.1,1.68,40.3,104.9
Brazil,19.8,10.7,9.01,11.8,14500,8.41,74.2,1.8,11200,150.0,64.9,73.8,80.7,53.7,2.71,14.3,66.4
Brunei,10.5,67.4,2.84,28.0,80600,16.7,77.1,1.84,35300,98.8,88.8,98.0,100.0,95.4,4.75,0.0,18.3
Bulgaria,10.8,50.2,6.87,53.0,15300,1.11,73.9,1.57,6840,83.4,74.4,77.5,85.0,50.7,2.78,27.3,63.8
Burkina Faso,116.0,19.2,6.74,29.6,1430,6.81,57.9,5.87,575,49.0,22.4,28.5,55.0,0.3,0.22,59.6,139.1
Burundi,93.6,8.92,11.6,39.2,764,12.3,57.7,6.26,231,40.6,18.1,32.2,54.5,3.7,1.07,65.2,137.1
Cambodia,44.4,54.1,5.68,59.5,2520,3.12,66.1,2.88,786,64.7,45.8,61.1,68.6,36.4,1.75,36.1,104.2
Cameroon,108.0,22.2,5.13,27.0,2660,1.91,57.3,5.11,1310,54.7,28.6,38.6,56.2,13.2,0.44,58.4,121.1
Canada,5.6,29.1,11.3,31.0,40700,2.87,81.3,1.63,47400,96.3,96.6,95.7,95.6,87.5,4.25,2.8,24.9
Cape Verde,26.5,32.7,4.09,61.8,5830,0.505,72.5,2.67,3310,66.1,56.4,54.6,74.1,38.5,2.08,34.4,88.5
Central African Republic,149.0,11.8,3.98,26.5,888,2.01,47.5,5.21,446,44.7,11.3,25.8,51.1,10.7,0.47,84.0,129.5
Chad,150.0,36.8,4.53,43.5,1930,6.39,56.5,6.59,897,43.3,7.0,17.3,51.0,1.8,0.02,74.2,138.0
Chile,-8.0,37.7,7.96,31.3,19400,8.96,79.1,1.88,12900,84.3,71.6,77.8,84.6,66.3,2.91,15.6,43.5
China,15.7,26.3,5.07,22.6,9530,6.94,74.6,1.59,4560,83.3,67.6,74.7,82.3,54.0,2.53,26.3,65.1
Colombia,18.6,15.9,7.59,17.8,10900,3.86,76.4,2.01,6250,76.2,66.2,74.5,77.7,51.7,2.64,21.5,
Comoros,88.2,16.5,4.51,51.7,1410,3.87,65.9,4.75,769,57.4,33.1,39.6,60.1,15.2,0.82,56.0,111.0
"Congo, Dem. Rep.",116.0,41.1,7.91,49.6,609,20.8,57.5,6.54,334,52.8,26.3,21.3,52.5,2.1,0.64,63.5,132.9
"Congo, Rep.",63.9,85.1,2.46,54.7,5190,20.7,60.4,4.95,2740,56.3,37.8,40.3,56.1,21.7,0.96,55.6,119.3
Costa Rica,10.2,33.2,10.9,35.0,13000,6.57,80.4,1.92,8200,85.5,69.2,78.4,88.3,70.8,3.51,16.8,56.7
Cote d'Ivoire,111.0,50.6,5.3,43.3,2690,5.39,56.3,5.27,1220,53.3,13.4,35.9,58.0,9.5,0.13,66.8,125.6
Croatia,5.5,37.6,7.76,38.1,20100,0.821,76.3,1.55,13500,88.1,82.3,92.9,89.1,71.1,3.72,6.5,44.9
Cyprus,3.6,50.2,5.97,57.5,33900,2.01,79.9,1.42,30800,87.5,81.2,91.4,92.0,71.3,4.55,7.3,29.6
Czech Republic,3.4,66.0,7.88,62.9,28300,-1.43,77.5,1.51,19800,90.6,82.5,84.3,90.4,76.7,3.93,14.8,42.3
Denmark,4.1,50.5,11.4,43.6,44000,3.22,79.5,1.87,58000,100.0,98.9,92.7,94.1,90.5,4.49,1.0,21.1
Dominican Republic,34.4,22.7,6.22,33.3,11100,5.44,74.6,2.6,5450,68.2,47.1,64.2,77.0,41.4,2.22,28.8,82.1
Ecuador,25.1,27.9,8.06,32.4,9350,7.47,,2.66,4660,79.6,47.8,66.3,77.6,45.9,2.87,28.5,84.8
Egypt,29.1,21.3,4.66,26.6,9860,10.1,70.5,3.19,2600,71.8,51.6,55.4,75.5,32.6,75.0,30.4,85.5
El Salvador,19.2,26.9,6.91,46.6,7300,2.65,74.1,2.27,2990,72.7,57.1,66.2,74.5,34.7,2.22,31.2,67.4
Equatorial Guinea,111.0,85.8,4.48,58.9,33700,24.9,60.9,5.21,17100,70.2,34.5,42.3,67.6,20.4,1.28,57.4,101.1
Eritrea,55.2,4.79,2.66,23.3,1420,11.6,61.7,4.61,482,63.5,33.3,48.8,65.6,13.4,1.23,54.5,101.4
Estonia,4.5,75.1,6.03,68.7,22700,1.74,76.0,1.72,14600,83.3,74.4,88.5,89.4,67.7,3.35,9.7,38.1
Fiji,24.1,57.8,4.86,63.9,7350,4.23,65.3,2.67,3650,70.7,41.2,63.0,72.8,29.9,1.91,33.6,95.6
Finland,3.0,38.7,8.95,37.4,39800,0.351,80.0,1.87,46200,96.9,89.2,91.7,97.2,83.3,4.05,4.1,30.6
France,4.2,26.8,11.9,28.1,36900,1.05,81.4,2.03,40600,92.5,82.9,93.7,88.4,72.1,4.04,11.5,23.4
Gabon,63.7,57.7,3.5,18.9,15400,16.6,62.9,4.08,8750,66.6,30.2,48.8,70.0,26.4,1.24,42.2,106.4
Gambia,80.3,23.8,5.69,42.7,1660,4.3,65.5,5.71,562,56.9,30.7,38.1,62.7,13.1,0.42,51.4,124.7
Georgia,16.5,35.0,10.1,52.8,6730,8.55,72.8,1.92,2960,79.1,58.5,66.1,80.8,48.2,2.36,32.8,71.4
Germany,4.2,42.3,11.6,37.1,40400,0.758,205.0,1.39,41800,100.0,92.6,88.8,96.9,93.2,4.43,8.9,24.5
Ghana,74.7,29.5,5.22,45.9,3060,16.6,62.2,4.27,1310,56.7,26.5,37.0,61.8,15.0,0.63,49.8,99999.0
Greece,3.9,22.1,10.3,30.7,28700,0.673,80.4,1.48,26900,92.7,82.1,92.9,92.2,70.9,3.79,4.7,37.6
Grenada,14.6,23.8,5.86,49.2,11200,0.48,71.3,2.24,7370,75.2,54.8,67.5,82.5,41.4,2.62,22.3,76.0
Guatemala,35.4,25.8,99999.0,36.3,6710,5.14,71.3,3.38,2830,70.6,43.8,59.1,75.6,26.9,1.47,34.7,95.6
Guinea,109.0,30.3,4.93,43.2,1190,16.1,58.0,5.34,648,48.9,24.0,38.5,59.0,6.1,0.57,49.8,131.7
Guinea-Bissau,114.0,14.9,8.5,35.2,1390,2.97,55.6,5.05,547,49.3,16.1,24.6,50.8,6.3,0.06,64.5,135.7
Guyana,37.6,51.4,5.38,79.1,5840,5.73,65.5,2.65,3040,67.4,47.0,52.3,74.2,20.4,1.97,37.4,101.1
Haiti,208.0,15.3,6.91,64.7,1500,5.45,32.1,3.33,662,,14.6,24.0,53.5,3.6,0.77,70.8,142.7
Hungary,6.0,81.8,7.33,76.5,22300,2.33,74.5,1.25,13100,93.0,89.3,86.2,93.6,63.6,4.12,21.2,35.5
Iceland,2.6,53.4,9.4,43.3,38800,5.47,82.0,2.2,41900,88.5,81.7,90.9,95.5,83.8,3.99,11.5,30.4
India,58.8,22.6,4.05,27.1,4410,8.98,66.2,2.6,1350,63.4,47.1,57.3,65.4,25.3,1.72,-4.0,98.5
Indonesia,33.3,24.3,2.61,22.4,8430,15.3,69.9,2.48,3110,74.5,50.9,61.7,79.0,33.9,1.99,38.6,81.9
Iran,19.3,24.4,5.6,19.4,17400,15.9,74.5,1.76,6530,73.1,66.6,69.3,83.4,53.1,2.83,27.8,67.9
Iraq,36.9,39.4,8.41,34.1,12700,16.6,67.2,4.56,4500,,34.3,48.5,61.4,22.5,1.9,39.9,95.9
Ireland,4.2,103.0,9.19,86.5,45700,-3.22,80.4,2.05,48700,95.2,89.6,98.3,97.5,84.8,3.85,0.6,21.0
Israel,4.6,35.0,7.63,32.9,29600,1.77,81.4,3.03,30600,95.6,86.7,89.6,86.7,68.1,4.04,10.5,47.9
Italy,4.0,25.2,9.53,27.2,36200,0.319,81.7,1.46,35800,96.3,87.8,84.5,89.9,81.9,4.01,0.7,35.9
Jamaica,18.1,31.3,4.81,49.6,8000,9.81,74.7,2.17,4680,76.0,60.7,74.1,78.3,53.0,2.87,34.0,72.8
Japan,3.2,15.0,9.49,13.6,35800,-1.9,82.8,1.39,44500,93.9,90.0,97.1,100.0,94.5,4.27,0.0,32.8
Jordan,21.1,48.3,8.04,69.0,9470,,75.8,3.66,3680,71.9,58.6,67.6,75.3,42.1,1.84,29.5,88.4
Kazakhstan,21.5,44.2,4.29,29.9,20100,19.5,68.4,,9070,82.0,57.7,65.0,80.2,45.4,2.39,28.9,77.0
Kenya,62.2,20.7,4.75,33.6,2480,2.09,62.8,4.37,967,59.8,23.7,44.7,240.0,15.2,1.31,47.7,93.1
Kiribati,62.7,13.3,11.3,79.9,1730,1.52,60.7,3.84,1490,60.7,31.8,41.9,72.0,24.2,1.12,48.8,103.0
Kuwait,10.8,66.7,2.63,30.4,75200,11.2,78.2,2.21,38500,98.9,85.4,100.0,97.3,91.7,4.58,3.1,19.2
Kyrgyz Republic,29.6,51.6,6.18,81.7,2790,10.0,68.5,3.1,880,67.4,28.4,54.3,71.2,27.6,1.45,39.5,87.7
Lao,78.9,35.4,4.47,49.3,3980,9.2,63.8,3.15,1140,61.8,33.6,53.7,62.7,18.3,0.53,51.8,106.7
Latvia,7.8,53.7,6.68,55.1,18300,-0.812,73.1,1.36,11300,81.7,82.1,78.9,85.8,65.0,3.56,8.1,57.2
Lebanon,10.3,35.8,7.03,60.2,16300,0.238,79.8,1.61,8860,87.2,77.5,83.7,90.7,65.4,3.61,15.2,44.4
Lesotho,99.7,39.4,11.1,101.0,2380,4.15,46.5,3.3,1170,53.5,19.4,30.2,61.3,9.5,0.67,53.8,114.3
Liberia,89.3,19.1,11.8,92.6,700,5.47,60.8,5.02,327,61.1,22.3,37.0,61.5,6.8,0.72,55.7,130.9
Libya,16.6,65.6,3.88,42.1,29600,14.2,76.1,2.41,12100,89.1,81.5,85.8,91.9,63.7,3.63,17.1,46.7
Lithuania,6.1,65.3,7.04,67.2,21100,2.38,73.2,1.5,12000,86.9,77.6,77.7,86.2,75.6,3.24,11.9,40.6
Luxembourg,2.8,175.0,7.77,142.0,91700,3.62,81.3,1.63,119000,100.0,98.2,100.0,98.8,95.7,4.39,0.0,19.4
"Macedonia, FYR",10.4,39.8,7.09,58.1,11400,2.04,74.0,1.47,4540,79.2,65.5,74.7,85.9,51.2,2.69,27.1,66.3
Madagascar,62.2,25.0,3.77,43.0,1390,8.79,60.8,4.6,413,62.5,30.0,37.0,65.0,15.6,1.2,54.1,110.5
Malawi,90.5,22.8,6.59,34.9,1030,12.1,53.1,5.31,459,52.4,25.3,30.7,60.7,9.6,0.02,57.6,131.6
Malaysia,7.9,86.9,4.39,71.0,21100,7.27,74.5,2.15,9070,86.8,75.3,77.2,88.2,56.4,3.49,26.9,51.2
Maldives,13.2,77.6,6.33,65.4,10500,2.88,77.9,2.23,7100,75.1,66.3,72.7,82.0,50.8,2.53,33.5,58.9
Mali,137.0,22.8,4.98,35.1,1870,4.37,59.5,6.55,708,50.2,11.1,25.3,54.2,7.4,0.02,,135.0
Malta,6.8,176.0,8.65,154.0,28300,3.83,80.3,1.36,21100,84.1,86.0,84.9,88.7,76.6,4.13,11.8,43.2
Mauritania,97.4,50.7,4.41,61.2,3320,18.9,68.2,4.98,1200,49.8,25.8,39.5,56.9,13.5,0.78,63.3,111.7
Mauritius,15.0,51.2,6.0,62.2,15900,1.13,73.4,1.57,8000,80.8,73.6,71.3,86.6,61.5,2.49,25.2,62.3
"Micronesia, Fed. Sts.",40.0,23.5,14.2,81.0,3340,3.8,65.4,3.46,2860,62.0,34.7,46.6,69.7,21.4,1.3,44.2,98.2
Moldova,17.2,39.2,11.7,78.5,3910,11.1,69.7,1.27,1630,75.6,55.7,65.1,79.5,41.2,2.51,30.3,94.0
Mongolia,26.1,46.7,5.44,56.7,7710,39.2,66.2,2.64,2650,80.0,49.8,63.1,69.0,31.3,2.23,34.1,82.1
Montenegro,6.8,37.0,9.11,62.7,14000,1.6,76.4,1.77,6680,80.9,65.4,72.5,85.3,66.2,2.97,18.3,63.1
Morocco,33.5,32.2,5.2,99999.0,6440,0.976,73.5,2.58,2830,70.1,60.9,61.8,74.2,28.4,2.13,32.1,82.5
Mozambique,101.0,31.5,5.21,46.2,918,7.64,54.5,5.56,419,51.0,25.5,26.9,,2.1,0.51,66.2,130.4
Myanmar,64.4,0.109,1.97,0.0659,3720,7.04,66.8,2.41,988,68.2,39.8,48.8,62.6,23.1,1.27,40.9,101.6
Namibia,56.0,47.8,6.78,60.7,8460,3.56,58.6,3.6,5190,62.5,41.2,51.8,66.6,23.1,1.33,44.6,109.4
Nepal,47.0,9.58,5.25,36.4,1990,15.1,68.3,2.61,592,66.4,99999.0,52.0,74.6,29.2,1.54,36.4,102.7
Netherlands,4.5,72.0,11.9,63.6,45500,0.848,80.7,1.79,50300,99.7,81.2,100.0,98.6,96.2,4.22,2.5,25.2
New Zealand,6.2,30.3,10.1,28.0,32300,3.73,80.9,2.17,33700,94.2,87.1,87.0,91.2,72.4,3.74,5.3,31.6
Niger,123.0,22.2,5.16,49.1,814,2.55,58.8,7.4,348,43.6,14.7,27.5,51.7,6.1,0.18,65.7,132.5
Nigeria,130.0,25.3,5.07,17.4,5150,104.0,60.5,5.84,2330,50.8,19.9,29.9,58.2,4.4,0.36,66.2,158.0
Norway,3.2,39.7,9.48,28.5,62300,5.95,81.0,1.95,87800,98.6,91.7,96.2,88.9,,4.38,2.1,22.8
Oman,11.7,65.7,2.77,41.2,45300,15.6,76.1,2.9,19300,85.5,80.2,89.0,90.8,75.0,3.52,14.0,49.7
Pakistan,92.1,13.5,2.2,19.4,4280,10.9,65.3,3.85,1040,61.9,32.7,44.2,67.3,99999.0,1.36,50.9,111.8
Panama,19.7,70.0,8.1,78.2,15400,2.59,77.8,2.62,8080,76.2,70.2,74.5,85.0,42.1,2.73,25.3,72.2
Paraguay,24.1,55.1,5.87,51.5,7290,6.1,74.1,2.73,3230,77.4,55.5,62.9,83.1,36.5,2.36,32.6,89.7
Peru,20.3,27.8,5.08,23.8,9960,5.71,77.9,2.54,5020,79.3,62.3,66.1,85.6,-12.0,2.92,25.3,69.7
Philippines,31.9,,3.61,36.6,5600,4.22,69.0,3.16,2130,69.5,54.4,56.4,74.3,27.5,1.89,41.8,81.8
Poland,6.0,40.1,999.0,42.1,21800,1.66,76.3,1.41,12600,86.3,76.9,85.3,91.4,71.8,4.22,9.1,36.9
Portugal,3.9,29.9,11.0,37.4,27200,0.643,79.8,1.39,22500,90.9,82.5,92.8,95.4,78.0,3.56,15.3,28.6
Qatar,9.0,62.3,1.81,23.8,125000,6.98,79.5,2.07,70300,90.8,88.5,96.0,96.9,100.0,4.82,0.5,28.2
Romania,11.5,32.6,5.58,38.8,17800,3.53,73.7,1.59,8230,79.4,79.4,78.1,86.2,58.8,2.98,16.5,50.4
Russia,10.0,29.2,5.08,21.1,23100,14.2,69.2,1.57,10700,85.1,75.9,71.0,89.2,52.8,3.6,17.9,63.6
Rwanda,63.6,12.0,10.5,30.0,1350,2.61,64.6,4.51,563,52.7,,48.0,72.6,14.4,1.57,46.3,112.1
Samoa,18.9,29.2,6.47,53.1,5400,1.72,71.5,4.34,3450,72.2,49.6,52.1,72.4,25.8,1.1,39.8,101.7
Saudi Arabia,15.7,49.6,4.29,33.0,45400,17.2,75.1,2.96,19300,82.2,81.2,78.6,90.6,66.7,3.3,9.8,48.6
Senegal,66.8,24.9,5.66,40.3,2180,1.85,64.0,5.06,1000,62.1,32.0,42.0,64.4,16.2,1.09,56.4,112.6
Serbia,7.6,32.9,10.4,47.9,12700,5.88,74.7,1.4,5410,80.0,69.3,81.9,90.5,55.8,3.26,17.1,55.7
Seychelles,14.4,93.8,3.4,108.0,20400,-4.21,73.4,2.17,10800,85.4,67.6,69.7,84.7,48.0,3.13,12.6,60.2
Sierra Leone,165.0,16.8,13.1,34.5,1220,17.2,55.0,5.2,399,48.8,15.9,22.4,57.5,6.2,0.16,62.8,135.9
Singapore,2.8,200.0,3.96,184.0,72100,-0.046,82.7,1.15,46600,91.8,100.0,95.5,94.8,92.9,4.63,0.0,17.4
Slovak Republic,7.0,76.3,8.79,77.8,25200,0.485,75.5,1.43,16600,94.5,83.9,81.7,90.4,73.7,3.82,12.2,41.8
Slovenia,3.2,64.3,9.41,62.9,28700,-0.987,79.5,1.57,23400,96.9,83.7,90.1,91.7,76.5,3.76,14.5,47.6
Solomon Islands,28.1,49.3,8.55,81.2,1780,6.81,61.7,4.24,1290,63.3,35.0,45.6,70.8,23.5,1.56,48.5,93.1
South Africa,53.7,28.6,8.94,27.4,12000,6.35,54.3,2.59,7280,63.2,35.8,46.9,72.3,22.2,0.63,39.7,103.3
South Korea,4.1,49.4,6.93,46.2,30400,3.16,80.1,1.23,22100,91.0,92.9,91.7,87.6,82.4,4.03,6.5,31.1
Spain,3.8,25.5,9.54,26.8,32500,0.16,81.9,1.37,30700,88.8,89.3,87.9,90.5,81.7,3.64,15.3,35.0
Sri Lanka,11.2,19.6,2.94,26.8,8560,22.8,74.4,2.2,2810,82.3,61.6,71.3,82.3,48.3,2.79,28.6,75.1
St. Vincent and the Grenadines,20.7,26.9,4.47,57.1,9920,4.44,71.6,2.07,6230,74.6,57.6,64.0,77.7,46.0,2.32,28.9,72.5
Sudan,76.7,19.7,6.32,17.2,3370,19.6,66.3,4.88,1480,59.6,26.4,38.5,59.1,9.6,0.68,55.1,116.3
Suriname,24.1,52.5,7.01,38.4,14200,7.2,70.3,2.52,8300,71.5,55.5,57.5,81.8,39.6,2.31,41.3,68.3
Sweden,3.0,46.2,9.63,40.7,42900,0.991,81.5,1.98,52100,94.2,98.2,100.0,98.8,88.9,4.08,8.2,30.6
Switzerland,4.5,64.0,11.5,53.3,55500,0.317,82.2,1.52,74600,93.1,94.6,97.6,100.0,94.8,4.24,1.6,16.4
Tajikistan,52.4,14.9,5.98,58.6,2110,12.5,69.6,3.51,738,69.9,38.9,51.7,67.6,17.6,0.89,45.6,104.0
Tanzania,,18.7,6.01,29.1,2090,9.25,59.3,5.43,702,56.2,26.5,38.9,65.1,18.2,0.72,57.1,119.0
Thailand,14.9,66.5,3.88,60.8,13500,4.08,76.6,1.55,5080,87.0,70.6,77.7,84.7,58.1,3.14,18.2,42.1
Timor-Leste,62.6,2.2,9.12,27.8,1850,26.5,71.1,6.23,3600,60.2,24.6,44.0,68.6,11.1,1.28,46.2,106.3
Togo,90.3,40.2,7.65,57.3,1210,1.18,58.7,4.87,488,53.3,25.3,45.6,57.5,3.9,0.63,55.9,120.8
Tonga,17.4,12.4,5.07,60.3,4980,3.68,69.9,3.91,3550,68.1,43.0,53.1,70.5,29.5,2.05,34.5,99.3
Tunisia,17.4,50.5,6.21,55.3,10400,3.82,76.9,2.14,4140,76.6,67.2,64.6,82.6,48.2,2.59,25.9,69.7
Turkey,19.1,20.4,6.74,25.5,18000,100000.0,78.2,2.15,10700,85.1,69.6,75.8,84.8,59.2,3.16,18.4,54.3
Turkmenistan,62.0,76.3,2.5,44.5,9940,2.31,67.9,2.83,4440,66.0,47.1,49.2,74.1,27.7,1.75,50.2,85.9
Uganda,81.0,17.1,9.01,28.6,1540,10.6,56.8,6.15,99999,52.9,31.2,38.1,59.6,5.9,0.86,54.8,132.2
Ukraine,11.7,47.1,7.72,51.1,7820,13.4,70.4,1.44,2970,72.7,60.2,73.3,78.1,49.6,2.43,26.4,80.2
United Arab Emirates,8.6,77.7,3.66,63.6,57600,12.5,76.5,1.87,35000,90.8,86.1,89.0,95.1,80.4,4.01,5.8,30.7
United Kingdom,5.2,28.2,9.64,30.8,36200,1.57,80.3,1.92,38900,99.6,88.2,85.7,92.7,80.5,3.93,9.6,31.9
United States,7.3,12.4,17.9,15.8,49400,1.22,78.7,1.93,48400,92.4,91.0,92.9,99.0,89.9,4.22,9.3,18.2
Uruguay,10.6,26.3,8.35,25.4,17100,4.91,76.4,2.08,11900,81.1,69.0,85.8,85.3,73.0,2.94,15.7,57.4
Uzbekistan,36.3,31.7,5.81,28.5,4240,16.5,68.8,2.34,1380,72.0,51.6,47.8,73.1,28.8,2.16,33.4,103.3
Vanuatu,29.2,46.6,5.25,52.7,2950,2.62,63.0,3.5,2970,70.9,50.6,53.4,73.9,21.7,1.26,37.2,103.8
Venezuela,17.1,28.5,4.91,17.6,16500,96.0,75.4,2.47,13500,75.6,65.9,70.3,92.0,50.7,2.97,19.1,69.3
Vietnam,23.3,72.0,6.84,80.2,4490,12.1,73.1,1.95,1310,72.9,53.3,,84.4,41.7,1.87,34.9,83.2
Yemen,56.3,30.0,5.18,34.4,4480,23.6,67.5,4.67,1310,60.4,31.6,43.5,67.6,15.3,,47.0,98.9
Zambia,83.1,37.0,5.89,30.9,3280,14.0,52.0,5.4,1460,47.4,25.8,34.6,99999.0,7.0,0.69,53.6,130.8
